25,Model25,Numar Inm.25,Prod25,Tip25
180,Model180,Numar Inm.180,Prod180,Tip180
104,Model104,Numar Inm.104,Prod104,Tip104
148,Model148,Numar Inm.148,Prod148,Tip148
137,Model137,Numar Inm.137,Prod137,Tip137
146,Model146,Numar Inm.146,Prod146,Tip146
104,Model104,Numar Inm.104,Prod104,Tip104
140,Model140,Numar Inm.140,Prod140,Tip140
167,Model167,Numar Inm.167,Prod167,Tip167
156,Model156,Numar Inm.156,Prod156,Tip156
171,Model171,Numar Inm.171,Prod171,Tip171
151,Model151,Numar Inm.151,Prod151,Tip151
94,Model94,Numar Inm.94,Prod94,Tip94
136,Model136,Numar Inm.136,Prod136,Tip136
140,Model140,Numar Inm.140,Prod140,Tip140
136,Model136,Numar Inm.136,Prod136,Tip136
149,Model149,Numar Inm.149,Prod149,Tip149
181,Model181,Numar Inm.181,Prod181,Tip181
151,Model151,Numar Inm.151,Prod151,Tip151
84,Model84,Numar Inm.84,Prod84,Tip84
